De_CodFolha,De_DescFolha,De_CodEvento,De_DescEvento,De_TipoEvento,DataUltimaUtilizacao,Para_CodFolha,Para_DescFolha,Para_CodEvento,Para_DescEvento,Pred_Para_CodEvento
1,MENSAL,23730,BASE MED DSR AD NOT,R,201912,1.0,MENSAL,27448.0,BASE MED DSR AD NOT,27448.0
5,RESCISAO,11790,INDICADOR MATERNIDADE < 01.09.2003,R,202107,5.0,RESCISAO,26180.0,INDICADOR MATERNIDADE < 01/09/2003,26180.0
2,FERIAS,1020,FERIAS MES SEGUINTE,P,202310,2.0,FERIAS 1 OCORRENCIA NO MES,4440.0,FERIAS MES SEGUINTE,4400.0
1,MENSAL,22600,PERCENTUAL SINDICATO ENFERMEIROS,R,199709,1.0,MENSAL,27345.0,PERCENTUAL SINDICATO ENFERMEIROS,27345.0
1,MENSAL,12453,VLR 08 OURO PROTESE,R,202310,1.0,MENSAL,27330.0,VLR 08 OURO PROTESE,27331.0
5,RESCISAO,22481,PERC CONTR FAP PARTE EMPRESA,R,202310,5.0,RESCISAO,12302.0,GPS-% FAP,12302.0
1,MENSAL,5290,CONTRIBUICAO ASSISTENCIAL FARMACEUTICOS,D,201707,1.0,MENSAL,7815.0,CONTRIBUICAO ASSISTENCIAL,7815.0
5,RESCISAO,12074,IND 01 - UNIEMP - ENF DEP 1,R,202309,5.0,RESCISAO,27196.0,IND 01 - UNIEMP - ENF DEP 1,27196.0
5,RESCISAO,24950,DEDUÇOES IRRF MES,R,202310,5.0,RESCISAO,13600.0,DEDUCOES IRRF MES,13615.0
14,ACORDO TRABALHISTA,10690,MEDIA HORAS EXTRAS 50% 13º SALARIO,R,201208,39.0,ACORDO TRABALHISTA,27121.0,MEDIA HORAS EXTRAS 50% 13º SALARIO,27121.0
5,RESCISAO,10050,SALARIO CONTRATUAL,R,202310,5.0,RESCISAO,11000.0,SALARIO CONTRATUAL,11000.0
1,MENSAL,12120,BSC VL 06-UNIEMP - COOP - APT 30% DEP 5,R,202310,1.0,MENSAL,27230.0,BSC VL 06-UNIEMP - COOP - APT 30% DEP 5,27229.0
1,MENSAL,12105,BSC VL 07 - UNIF - ENF - CONS 30% DEP 3,R,202310,1.0,MENSAL,27215.0,BSC VL 07 - UNIF - ENF - CONS 30% DEP 3,27215.0
16,RESCISÃO COMP. DIF. SALARIAL  ,20090,QUANT HORAS TRAB MES (JORNADA TRABALHO),R,201707,8.0,RESCISAO COMP FORA DO MES,11600.0,CARGA HORARIA MENSAL,11600.0
4,ADIANTAMENTO DE 13. SALARIO,10790,BASE CALCULO ADICIONAL NOTURNO,R,201611,3.0,ADIANTAMENTO 13 SALARIO,11525.0,BASE SALARIO HORA EXTRA E AD NOTURNO,11525.0
13,FOLHA COMPLEMENTAR,10780,MEDIA ADICIONAL NOTURNO 13º SALARIO,R,200702,13.0,    COMPLEMENTAR DIAS 01 A 10,27124.0,MEDIA ADICIONAL NOTURNO 13º SALARIO,27124.0
1,MENSAL,5160,TELEFONEMAS,D,200703,1.0,MENSAL,9100.0,DESCONTO TELEFONE,9100.0
12,RESCISAO COMPLEMENTAR,22750,FGTS RESCISAO P/ GRFP,R,201812,8.0,RESCISAO COMP FORA DO MES,14350.0,GRRF-FGTS RESCISAO,14350.0
1,MENSAL,23410,BASE MEDIA FER  GRAT ASS,R,202310,1.0,MENSAL,11401.0,BASE MEDIA FERIAS,11401.0
4,ADIANTAMENTO DE 13. SALARIO,24325,INSAL 30% SOBRE PISO STS RESULTADO,R,202202,3.0,ADIANTAMENTO 13 SALARIO,27400.0,INSAL 30% SOBRE PISO STS RESULTADO,27400.0
11,PRO-LABORE,5010,IRRF,D,202310,10.0,MENSAL PRO-LABORE/DIRETOR,7400.0,IRRF MES,7400.0
1,MENSAL,10015,TOTAL DESCONTOS AUX I,R,202310,1.0,MENSAL,10101.0,TOTAL DE DESCONTOS,10101.0
1,MENSAL,23170,AJUDA TRANSP. ESTAGIARIO,P,201112,11.0,MENSAL ESTAGIARIOS,2610.0,REEMBOLSO TRANSPORTE,27361.0
1,MENSAL,80,PENSAO ALIMENTICIA 13º SALARIO,D,199702,1.0,MENSAL,7620.0,PENSAO ALIMENTICIA 13 SALARIO,8101.0
1,MENSAL,23370,BASE DE COMPOSIÇAO ATESTADO,R,202310,1.0,MENSAL,27378.0,BASE DE COMPOSIÇAO ATESTADO,27378.0
1,MENSAL,12465,IND 08 - OURO PROTESE DEP 2,R,202310,1.0,MENSAL,27337.0,IND 08 - OURO PROTESE DEP 2,27334.0
12,RESCISAO COMPLEMENTAR,10170,BASE CALC 13º SALARIO,R,201809,8.0,RESCISAO COMP FORA DO MES,11415.0,BASE 13 SALARIO,11425.0
1,MENSAL,24425,BASE MED HRS SOBRE AVISO FER,R,202310,1.0,MENSAL,11401.0,BASE MEDIA FERIAS,11401.0
5,RESCISAO,23990,BASE INSS MULTIPLOS VINCULOS,R,202102,5.0,RESCISAO,27393.0,BASE ADIC NOTURNO ATESTADO,27393.0
1,MENSAL,12027,VLR 01 - UNIEMPRESA - ENF DEP 3,R,201905,1.0,MENSAL,27177.0,VLR 01 - UNIEMPRESA - ENF DEP 3,27184.0
16,RESCISÃO COMP. DIF. SALARIAL  ,1560,1/3 FERIAS RESCISAO,P,201705,8.0,RESCISAO COMP FORA DO MES,5180.0,1/3 FERIAS PROPORCIONAIS,5180.0
16,RESCISÃO COMP. DIF. SALARIAL  ,10890,MAIOR REMUNERACAO,R,201707,8.0,RESCISAO COMP FORA DO MES,27133.0,MAIOR REMUNERACAO,27133.0
15,ACORDO TRABALHISTA 2009,11790,INDICADOR MATERNIDADE < 01.09.2003,R,200909,40.0,ACORDO TRABALHISTA 2009,26180.0,INDICADOR MATERNIDADE < 01/09/2003,26180.0
5,RESCISAO,24955,DEDUÇOES LEGAIS IRRF FERIAS,R,202310,5.0,RESCISAO,13605.0,DEDUCOES IRRF FERIAS,13615.0
1,MENSAL,24130,HORAS EXTRAS 100% - STS,P,202306,1.0,MENSAL,650.0,HORAS EXTRAS 100%,11401.0
15,ACORDO TRABALHISTA 2009,22780,QUANT DIAS NAO TRAB ADMISSAO,R,200909,40.0,ACORDO TRABALHISTA 2009,21606.0,NUM DIAS NAO TRAB ADMISSAO,21606.0
2,FERIAS,10790,BASE CALCULO ADICIONAL NOTURNO,R,201809,2.0,FERIAS 1 OCORRENCIA NO MES,11525.0,BASE SALARIO HORA EXTRA E AD NOTURNO,11525.0
5,RESCISAO,22490,PERC CONTR TERCEIROS,R,202310,5.0,RESCISAO,12315.0,GPS-% TERCEIROS,12315.0
12,RESCISAO COMPLEMENTAR,5100,DESC ADIANT FERIAS,D,201103,8.0,RESCISAO COMP FORA DO MES,9900.0,DESCONTO ADIANTAMENTO FERIAS MES I,9900.0
4,ADIANTAMENTO DE 13. SALARIO,20220,QUANT PASSES ONIBUS,R,202208,3.0,ADIANTAMENTO 13 SALARIO,17510.0,QTD PASSES ONIBUS DIA,17510.0
1,MENSAL,200,ASSIDUIDADE,P,202310,1.0,MENSAL,1960.0,ASSIDUIDADE,1960.0
11,PRO-LABORE,24170,GRATIFICAÇÕES,R,202212,10.0,MENSAL PRO-LABORE/DIRETOR,21755.0,NUM DIAS GRATIFICACAO,21755.0
1,MENSAL,24095,QUANT DIAS DE SUSPENSÃO,R,202306,1.0,MENSAL,21405.0,QTD. DIAS FALTAS SUSPENSAO,21405.0
1,MENSAL,10840,MEDIA HORAS EXTRAS 100% FERIAS,R,201807,1.0,MENSAL,27128.0,MEDIA HORAS EXTRAS 100% FERIAS,27129.0
12,RESCISAO COMPLEMENTAR,5142,DEV VALE TRANSPORTE,P,201812,8.0,RESCISAO COMP FORA DO MES,8402.0,DEV VALE TRANSPORTE,8562.0
1,MENSAL,23810,BASE MED HX 50% RESC 1,R,202006,1.0,MENSAL,27459.0,BASE MED HX 50% RESC 1,27478.0
5,RESCISAO,23660,DESC CONSULTA DEP 2,D,202210,5.0,RESCISAO,8105.0,CO-PARTICIPACAO UNIMED,8105.0
1,MENSAL,12435,IND 07-OURO I,R,202310,1.0,MENSAL,27324.0,IND 07-OURO I,27323.0
1,MENSAL,22525,GRPS-CONTRIB EMPRESA LIMINAR ATESTADO ME,R,202310,1.0,MENSAL,27340.0,GRPS-CONTRIB EMPRESA LIMINAR ATESTADO ME,12445.0
12,RESCISAO COMPLEMENTAR,10050,SALARIO CONTRATUAL,R,201812,8.0,RESCISAO COMP FORA DO MES,11000.0,SALARIO CONTRATUAL,11000.0
16,RESCISÃO COMP. DIF. SALARIAL  ,480,DIFERENÇA ADCIONAL NOTURNO,P,201106,8.0,RESCISAO COMP FORA DO MES,1101.0,DIF ADICIONAL NOTURNO 20%,1101.0
5,RESCISAO,5260,RUPTURA CONTR EXPERIENCIA (ART 480 CLT),D,202310,5.0,RESCISAO,8005.0,DESCONTO INDENIZ ART 480 CLT,7820.0
5,RESCISAO,12066,BSC VLR 01 - UNIEMP - ENF DEP 1,R,202310,5.0,RESCISAO,27188.0,BSC VLR 01 - UNIEMP - ENF DEP 1,18568.0
5,RESCISAO,23865,BASE MED AD NOT RESC,R,202310,5.0,RESCISAO,27449.0,BASE MED AD NOT RESC,27449.0
1,MENSAL,23535,BASE DESCONTO FERIAS,R,202310,1.0,MENSAL,27419.0,BASE DESCONTO FERIAS,27419.0
1,MENSAL,12184,BSC VLR 09- UN EF DO SEU JTO DEP 2,R,202310,1.0,MENSAL,27248.0,BSC VLR 09- UN EF DO SEU JTO DEP 2,27248.0
12,RESCISAO COMPLEMENTAR,1700,FERIAS S/ AVISO PREVIO INDENIZ,P,201811,8.0,RESCISAO COMP FORA DO MES,5110.0,FERIAS INDENIZADAS AVISO PREVIO,5110.0
14,ACORDO TRABALHISTA,20000,QUANT DIAS TRAB MES,R,201302,39.0,ACORDO TRABALHISTA,20005.0,NUM DIAS TRABALHADOS MES,20005.0
5,RESCISAO,11730,VALOR AD NOT 20% SALARIO BASE,R,201804,5.0,RESCISAO,27389.0,VALOR AD NOT 20% SALARIO BASE,21420.0
2,FERIAS,22516,GRPS-CONTRIB SAT 1/3 FÉRIAS,R,202310,2.0,FERIAS 1 OCORRENCIA NO MES,12445.0,GPS-SAT,12445.0
5,RESCISAO,12075,IND 02 - UNIEMP - APTO DEP,R,202309,5.0,RESCISAO,27197.0,IND 02 - UNIEMP - APTO DEP,27197.0
1,MENSAL,23915,QUEBRA DE CAIXA RESULTADO,R,202310,1.0,MENSAL,27494.0,QUEBRA DE CAIXA RESULTADO,27454.0
3,13. SALARIO,23745,BASE MED AD NOT1,R,202212,4.0,13 SALARIO,27468.0,BASE MED AD NOT1,27467.0
13,FOLHA COMPLEMENTAR,24065,IND SINDICATO DA ENFERMAGEM (SIENF),R,202202,13.0,    COMPLEMENTAR DIAS 01 A 10,27396.0,IND SINDICATO DA ENFERMAGEM (SIENF),27395.0
1,MENSAL,260,DESCONTO INDEVIDO,P,202210,1.0,MENSAL,2715.0,DEVOLUCAO DE DESCONTO INDEVIDO,2715.0
1,MENSAL,5330,DESCONTO REPOUSO REMUNERADO,D,202310,1.0,MENSAL,7095.0,DESCONTO DSR FALTAS E ATRASOS,7095.0
12,RESCISAO COMPLEMENTAR,6030,VALOR INCONTROVERSO PAGO EM JUIZO,D,201409,8.0,RESCISAO COMP FORA DO MES,9820.0,OUTROS DESCONTOS,7820.0
2,FERIAS,23185,MEDIA ADCIONAL NOTURNO 20% BASE FÉRIAS,R,201807,2.0,FERIAS 1 OCORRENCIA NO MES,27362.0,MEDIA ADCIONAL NOTURNO 20% BASE FÉRIAS,27362.0
3,13. SALARIO,23780,BASE MED QUEBRA DE CAIXA,R,202212,4.0,13 SALARIO,27474.0,BASE MED QUEBRA DE CAIXA,27473.0
5,RESCISAO,23465,BASE ASSIDUIDADE REF ADIC NOTURNO,R,201808,5.0,RESCISAO,27384.0,BASE ASSIDUIDADE REF ADIC NOTURNO,27384.0
4,ADIANTAMENTO DE 13. SALARIO,10730,ADICIONAL PERICULOSIDADE RESULTADO,R,202310,3.0,ADIANTAMENTO 13 SALARIO,11025.0,RES PERICULOSIDADE,11025.0
1,MENSAL,23240,DESC CRACHA,D,202310,1.0,MENSAL,9105.0,DESCONTO 2º VIA CRACHA,8820.0
2,FERIAS,10130,BASE CALC AFASTAMENTO,R,202310,2.0,FERIAS 1 OCORRENCIA NO MES,11430.0,BASE AFASTAMENTO,11430.0
1,MENSAL,12065,IDADE DEPENDENTE 1,R,202310,1.0,MENSAL,18568.0,IDADE DO DEP1,27188.0
5,RESCISAO,10010,TOTAL DESCONTOS,R,202310,5.0,RESCISAO,10100.0,TOTAL DESCONTOS,10100.0
1,MENSAL,24955,DEDUÇOES LEGAIS IRRF FERIAS,R,202310,1.0,MENSAL,13605.0,DEDUCOES IRRF FERIAS,13600.0
1,MENSAL,12364,BSC VLR03- BRONZE DOC DEP2,R,202310,1.0,MENSAL,27291.0,BSC VLR03- BRONZE DOC DEP2,27290.0
1,MENSAL,12091,BSC VLR 01 - UNIEMP - ENF DEP 2,R,202310,1.0,MENSAL,27201.0,BSC VLR 01 - UNIEMP - ENF DEP 2,27201.0
11,PRO-LABORE,1080,PAGAMENTO,P,201908,10.0,MENSAL PRO-LABORE/DIRETOR,3435.0,PAGAMENTO,3435.0
5,RESCISAO,24340,VALOR SALDO NEG BANCO DE HORAS,R,202310,5.0,RESCISAO,27408.0,VALOR SALDO NEG BANCO DE HORAS,11401.0
2,FERIAS,22481,PERC CONTR FAP PARTE EMPRESA,R,202310,2.0,FERIAS 1 OCORRENCIA NO MES,12302.0,GPS-% FAP,12302.0
15,ACORDO TRABALHISTA 2009,10560,INDIC INSAL 20% SOBRE SALARIO MINIMO,R,200909,40.0,ACORDO TRABALHISTA 2009,27100.0,INDIC INSAL 20% SOBRE SALARIO MINIMO,27100.0
14,ACORDO TRABALHISTA,10010,TOTAL DESCONTOS,R,201302,39.0,ACORDO TRABALHISTA,10100.0,TOTAL DESCONTOS,10100.0
5,RESCISAO,12072,BSC VL 07 - UNIF - ENF - CONS 30% DEP 1,R,202310,5.0,RESCISAO,27194.0,BSC VL 07 - UNIF - ENF - CONS 30% DEP 1,27194.0
1,MENSAL,10960,QUANT ATRASO MINUTOS,R,202310,1.0,MENSAL,21420.0,QTD ATRASOS MINUTOS,21420.0
5,RESCISAO,10171,BASE CALC ADTO 13º SALARIO MES ANIV,R,202309,5.0,RESCISAO,11415.0,BASE 13 SALARIO,11425.0
5,RESCISAO,20045,BASE TOTAL LIM INSS/FGTS S 1/3 FÉRIAS,R,202310,5.0,RESCISAO,27391.0,BASE TOTAL LIM INSS/FGTS S 1/3 FÉRIAS,27391.0
13,FOLHA COMPLEMENTAR,11790,INDICADOR MATERNIDADE < 01.09.2003,R,202202,13.0,    COMPLEMENTAR DIAS 01 A 10,26180.0,INDICADOR MATERNIDADE < 01/09/2003,26180.0
1,MENSAL,11000,MEDIA DE SOBREAVISO,R,202103,1.0,MENSAL,27138.0,MEDIA DE SOBREAVISO,27138.0
1,MENSAL,22710,PIS REND/ABONO,P,201612,1.0,MENSAL,2705.0,PIS RENDIMENTO/ABONO,8700.0
15,ACORDO TRABALHISTA 2009,10360,TOTAL PROVENTOS AUX III,R,200909,40.0,ACORDO TRABALHISTA 2009,10001.0,TOTAL DE PROVENTOS,10001.0
1,MENSAL,22450,GRPS-SAL CONTRIB INSS MES,R,202310,1.0,MENSAL,27490.0,GRPS-SAL CONTRIB INSS MES,27490.0
1,MENSAL,22470,GRPS-SAL CONTRIB INSS TOTAL,R,201903,1.0,MENSAL,27491.0,GRPS-SAL CONTRIB INSS TOTAL,27491.0
1,MENSAL,24910,COMPOSIÇÃO SALARIAL,R,202310,1.0,MENSAL,11500.0,REMUNERACAO FIXA MENSAL,27445.0
1,MENSAL,23245,ASSISTENCIA MEDICA,P,201808,1.0,MENSAL,4815.0,ASSISTENCIA MEDICA,9820.0
5,RESCISAO,12099,BSC VLR 01 - UNIEMP - ENF DEP 3,R,202310,5.0,RESCISAO,27209.0,BSC VLR 01 - UNIEMP - ENF DEP 3,27209.0
1,MENSAL,12020,BSC VLR 04 - UNIEMP - COOP - APTO - 50%,R,202310,1.0,MENSAL,27170.0,BSC VLR 04 - UNIEMP - COOP - APTO - 50%,27170.0
14,ACORDO TRABALHISTA,20070,QUANT HORAS EXTRAS 50%,R,200902,39.0,ACORDO TRABALHISTA,20600.0,QTD HORAS EXTRAS 50%,20600.0
13,FOLHA COMPLEMENTAR,10020,SALARIO CONT. INSS,R,202202,13.0,    COMPLEMENTAR DIAS 01 A 10,12000.0,BASE INSS MES,12000.0
1,MENSAL,24435,INDICE AGENTE NOCIVO,R,202310,1.0,MENSAL,27412.0,INDICE AGENTE NOCIVO,11401.0
5,RESCISAO,390,REMUNERACAO SOBREAVISO,P,202310,5.0,RESCISAO,910.0,HORAS SOBREAVISO,3410.0
2,FERIAS,24085,VALOR PREMIO PRODUTIVIDADE,R,202308,2.0,FERIAS 1 OCORRENCIA NO MES,11020.0,RES PRODUTIVIDADE,11020.0
5,RESCISAO,22790,QUANT DIAS NAO TRAB RESCISAO,R,202310,5.0,RESCISAO,21609.0,NUM DIAS NAO TRAB RESCISAO,21609.0
3,13. SALARIO,24820,MED 13º SALARIO MATERNIDADE,P,202112,4.0,13 SALARIO,4915.0,MEDIA 13 SALARIO MATERNIDADE LEI 10710,27401.0
5,RESCISAO,1590,13º SAL S/ AVISO PREV INDENIZ,P,202310,5.0,RESCISAO,5125.0,13 SALARIO INDENIZADO AVISO PREVIO,5105.0
2,FERIAS,100,QUINQUENIO,P,201110,2.0,FERIAS 1 OCORRENCIA NO MES,210.0,QUINQUENIO,210.0
12,RESCISAO COMPLEMENTAR,11880,BASE CALC FGTS 13. INDENIZADO,R,201811,8.0,RESCISAO COMP FORA DO MES,14205.0,BASE FGTS 13 RESCISAO,14205.0
5,RESCISAO,24185,MED ADIC NOT RESCISÃO,R,202310,5.0,RESCISAO,27435.0,MED ADIC NOT RESCISÃO,27436.0
5,RESCISAO,24860,ODONTO AGREGADO,D,202310,5.0,RESCISAO,8215.0,AGREGADO ASSISTENCIA  ODONTOLOGICA 1,8215.0
16,RESCISÃO COMP. DIF. SALARIAL  ,610,SALARIO SUBSTITUIÇÃO,P,201707,8.0,RESCISAO COMP FORA DO MES,35.0,SALARIO SUBSTITUICAO,3430.0
2,FERIAS,5060,IRRF FERIAS,D,202310,2.0,FERIAS 1 OCORRENCIA NO MES,7420.0,IRRF FERIAS,7420.0
1,MENSAL,12458,VLR 08 - OURO PROTESE DEP 1,R,202305,1.0,MENSAL,27333.0,VLR 08 - OURO PROTESE DEP 1,27334.0
1,MENSAL,11920,QUANT DIAS  ÚTEIS P/ REFEIÇÕES,R,201802,1.0,MENSAL,19641.0,DIAS COMPRA VR NORMAL,19641.0
5,RESCISAO,10000,TOTAL PROVENTOS,R,202310,5.0,RESCISAO,10000.0,TOTAL PROVENTOS,10000.0
5,RESCISAO,5010,IRRF,D,202310,5.0,RESCISAO,7400.0,IRRF MES,7400.0
5,RESCISAO,23915,QUEBRA DE CAIXA RESULTADO,R,202203,5.0,RESCISAO,27494.0,QUEBRA DE CAIXA RESULTADO,27454.0
1,MENSAL,10365,TOTAL PROVENTOS AUX I,R,202310,1.0,MENSAL,10003.0,TOTAL PROVENTOS AUX I,10003.0
5,RESCISAO,10240,DEDUCOES IRRF FERIAS,R,202310,5.0,RESCISAO,13605.0,DEDUCOES IRRF FERIAS,13615.0
3,13. SALARIO,10790,BASE CALCULO ADICIONAL NOTURNO,R,201711,4.0,13 SALARIO,11525.0,BASE SALARIO HORA EXTRA E AD NOTURNO,11525.0
12,RESCISAO COMPLEMENTAR,10620,VALOR GRATIFICACAO,R,201807,8.0,RESCISAO COMP FORA DO MES,27110.0,VALOR GRATIFICACAO,27110.0
2,FERIAS,23525,BASE MED ABONO FER,R,202310,2.0,FERIAS 1 OCORRENCIA NO MES,25510.0,RES MEDIA ABONO PEC MES I,25510.0
5,RESCISAO,10250,DEDUCOES IRRF 13º SALARIO,R,202310,5.0,RESCISAO,13615.0,DEDUCOES IRRF 13 SALARIO,13615.0
1,MENSAL,23335,BASE MEDIA AD NOT MAT,R,201810,1.0,MENSAL,27373.0,BASE MEDIA AD NOT MAT,27375.0
1,MENSAL,23895,BASE SAL SUBST,R,202112,1.0,MENSAL,27452.0,BASE SAL SUBST,27452.0
4,ADIANTAMENTO DE 13. SALARIO,23175,MEDIA ADCIONAL NOTURNO 20% FERIAS,R,200911,3.0,ADIANTAMENTO 13 SALARIO,27361.0,MEDIA ADCIONAL NOTURNO 20% FERIAS,27361.0
12,RESCISAO COMPLEMENTAR,22710,PIS REND/ABONO,P,200308,8.0,RESCISAO COMP FORA DO MES,2705.0,PIS RENDIMENTO/ABONO,8700.0
5,RESCISAO,1580,AVISO PREVIO INDENIZADO,P,202310,5.0,RESCISAO,5020.0,AVISO PREVIO INDENIZADO,5020.0
14,ACORDO TRABALHISTA,210,DIFERENCA SALARIAL,P,201208,39.0,ACORDO TRABALHISTA,6.0,DIF SALARIO MENSAL,6.0
2,FERIAS,23450,BASE  MED FER AD NOTU,R,202310,2.0,FERIAS 1 OCORRENCIA NO MES,11401.0,BASE MEDIA FERIAS,11401.0
2,FERIAS,23975,BASE MED SOBRE AVISO FER,R,202307,2.0,FERIAS 1 OCORRENCIA NO MES,11401.0,BASE MEDIA FERIAS,11401.0
1,MENSAL,5240,PAGAMENTO INDEVIDO,D,202310,1.0,MENSAL,9815.0,DESCONTO PAGAMENTO INDEVIDO,9815.0
1,MENSAL,22810,QUANT DIAS NAO UTEIS DSR,R,202310,1.0,MENSAL,21610.0,NUM DIAS DSR ( DOMINGOS / FERIADOS ),21610.0
4,ADIANTAMENTO DE 13. SALARIO,10000,TOTAL PROVENTOS,R,202310,3.0,ADIANTAMENTO 13 SALARIO,10000.0,TOTAL PROVENTOS,10000.0
14,ACORDO TRABALHISTA,10600,INSAL 20% SOBRE SALARIO BASE RESULTADO,R,201208,39.0,ACORDO TRABALHISTA,27106.0,INSAL 20% SOBRE SALARIO BASE RESULTADO,27106.0
5,RESCISAO,24080,BASE MED DSR ADIC NOT FER,R,202310,5.0,RESCISAO,11401.0,BASE MEDIA FERIAS,11401.0
1,MENSAL,10100,SALARIO LIQUIDO,R,202310,1.0,MENSAL,10200.0,LIQUIDO A RECEBER,10200.0
16,RESCISÃO COMP. DIF. SALARIAL  ,20000,QUANT DIAS TRAB MES,R,201411,8.0,RESCISAO COMP FORA DO MES,20005.0,NUM DIAS TRABALHADOS MES,20005.0
1,MENSAL,12015,VLR 06 - UNIEMPRESA - COOP - APTO - 30%,R,202205,1.0,MENSAL,27166.0,VLR 06 - UNIEMPRESA - COOP - APTO - 30%,27167.0
3,13. SALARIO,20000,QUANT DIAS TRAB MES,R,202012,4.0,13 SALARIO,20005.0,NUM DIAS TRABALHADOS MES,20005.0
1,MENSAL,12205,IND 01-UN AP DO SEU JTO DEP 2,R,202310,1.0,MENSAL,27261.0,IND 01-UN AP DO SEU JTO DEP 2,27499.0
5,RESCISAO,22517,GRPS-CONTRIB TERC 1/3 FÉRIAS,R,202310,5.0,RESCISAO,12445.0,GPS-SAT,12445.0
5,RESCISAO,23140,NUM DIAS CORRETO MES,R,202310,5.0,RESCISAO,25986.0,NUM DIAS CORRETOS MES,26165.0
5,RESCISAO,22953,VALIDA MÊS NOVEMBRO,R,202211,5.0,RESCISAO,26129.0,MES = NOVEMBRO,26129.0
2,FERIAS,20100,QUANT DIAS ABONO PECUNIARIO TOTAL,R,202309,2.0,FERIAS 1 OCORRENCIA NO MES,21735.0,NUM DIAS AB PEC TOTAL I,21735.0
3,13. SALARIO,23785,BASE MED GRAT,R,202212,4.0,13 SALARIO,27475.0,BASE MED GRAT,27473.0
3,13. SALARIO,10600,INSAL 20% SOBRE SALARIO BASE RESULTADO,R,202212,4.0,13 SALARIO,27106.0,INSAL 20% SOBRE SALARIO BASE RESULTADO,27106.0
15,ACORDO TRABALHISTA 2009,23140,NUM DIAS CORRETO MES,R,200909,40.0,ACORDO TRABALHISTA 2009,25986.0,NUM DIAS CORRETOS MES,25986.0
2,FERIAS,20150,QUANT DIAS LICENCA MATERNIDADE,R,202310,2.0,FERIAS 1 OCORRENCIA NO MES,20405.0,NUM DIAS LICENCA MATERNIDADE,20405.0
5,RESCISAO,5200,ATRASOS,D,202310,5.0,RESCISAO,7100.0,ATRASOS,7100.0
1,MENSAL,24335,DESC SALDO NEGATIVO BANCO DE HORAS,D,202306,1.0,MENSAL,7120.0,DESC SALDO NEGATIVO BANCO DE HORAS,7825.0
2,FERIAS,10220,BASE CALC IRRF FERIAS,R,202310,2.0,FERIAS 1 OCORRENCIA NO MES,13310.0,BASE LIQUIDA IRRF FERIAS,13310.0
16,RESCISÃO COMP. DIF. SALARIAL  ,10610,INSAL 40% SOBRE SALARIO BASE RESULTADO,R,201608,8.0,RESCISAO COMP FORA DO MES,27107.0,INSAL 40% SOBRE SALARIO BASE RESULTADO,27107.0
12,RESCISAO COMPLEMENTAR,5200,ATRASOS,D,201604,8.0,RESCISAO COMP FORA DO MES,7100.0,ATRASOS,8810.0
2,FERIAS,22500,GRPS-CONTRIBUICAO EMPRESA,R,201902,2.0,FERIAS 1 OCORRENCIA NO MES,27487.0,GRPS-CONTRIBUICAO EMPRESA,27487.0
1,MENSAL,12067,BSC VLR 02 - UNIEMP - APTO DEP 1,R,202310,1.0,MENSAL,27189.0,BSC VLR 02 - UNIEMP - APTO DEP 1,27188.0
1,MENSAL,10120,BASE CALC FERIAS,R,202310,1.0,MENSAL,11400.0,BASE FERIAS,11400.0
1,MENSAL,12359,BSC VLR03- BRONZE DOC DEP1,R,202310,1.0,MENSAL,27288.0,BSC VLR03- BRONZE DOC DEP1,27289.0
1,MENSAL,22610,PERCENTUAL SINDICATO FARMACEUTICOS,R,202310,1.0,MENSAL,27346.0,PERCENTUAL SINDICATO FARMACEUTICOS,27344.0
5,RESCISAO,10130,BASE CALC AFASTAMENTO,R,202310,5.0,RESCISAO,11430.0,BASE AFASTAMENTO,11430.0
1,MENSAL,23360,BASE MEDIA DIF GRAT MAT,R,202310,1.0,MENSAL,27376.0,BASE MEDIA DIF GRAT MAT,27378.0
1,MENSAL,5090,IRRF COMPLEMENTAR FERIAS,D,202309,1.0,MENSAL,7511.0,DIF IRRF DESCONTADO FERIAS I,7510.0
5,RESCISAO,22810,QUANT DIAS NAO UTEIS DSR,R,202310,5.0,RESCISAO,21610.0,NUM DIAS DSR ( DOMINGOS / FERIADOS ),21610.0
5,RESCISAO,12056,VLR 07 - UNIF - ENF - CONS - 30% DEP 2,R,202009,5.0,RESCISAO,27187.0,VLR 07 - UNIF - ENF - CONS - 30% DEP 2,27187.0
5,RESCISAO,11870,BASE CALC FGTS INDENIZADO,R,202310,5.0,RESCISAO,14210.0,BASE FGTS INDENIZADO,14210.0
1,MENSAL,12022,BSC VLR 06 - UNIEMP - COOP - APTO - 30%,R,202310,1.0,MENSAL,27172.0,BSC VLR 06 - UNIEMP - COOP - APTO - 30%,27172.0
5,RESCISAO,22960,BUSCA 13º SALARIO PAGO,R,202212,5.0,RESCISAO,26047.0,BUSCA 13 SALARIO,27353.0
1,MENSAL,6020,MENSALIDADE SINDICAL - STS,D,202310,1.0,MENSAL,7820.0,MENSALIDADE SINDICAL,8536.0
13,FOLHA COMPLEMENTAR,11040,VALOR DO ADCIONAL NOTURNO 20%,R,202202,13.0,    COMPLEMENTAR DIAS 01 A 10,27139.0,VALOR DO ADCIONAL NOTURNO 20%,27139.0
5,RESCISAO,10311,1.PARCELA 13 SALARIO FL3 ANO,R,202212,5.0,RESCISAO,26085.0,BUSCA VLR MEDIA 13º PAGO FOLHA 13º,26085.0
3,13. SALARIO,10580,INDIC INSAL 40% SOBRE SALARIO BASE,R,201912,4.0,13 SALARIO,27103.0,INDIC INSAL 40% SOBRE SALARIO BASE,27103.0
1,MENSAL,12050,VL 06 - UNIEMP - COOP - APT 30% DEP 1,R,201909,1.0,MENSAL,27183.0,VL 06 - UNIEMP - COOP - APT 30% DEP 1,27184.0
5,RESCISAO,24345,QUANT HORAS NEGATIVAS (BANCO DE HORAS),R,202310,5.0,RESCISAO,21520.0,QTD DESC SALDO NEGATIVO BANCO DE HORAS,11401.0
5,RESCISAO,22482,PERC CONTR FAP  PARTE EMPRESA,R,202310,5.0,RESCISAO,12302.0,GPS-% FAP,12302.0
2,FERIAS,11910,VALOR DA GRATIFICAÇÃO FUNÇÃO,R,202309,2.0,FERIAS 1 OCORRENCIA NO MES,27140.0,VALOR DA GRATIFICAÇÃO FUNÇÃO,27140.0
1,MENSAL,270,DESCONTO INDEVIDO DE FALTAS,P,201811,1.0,MENSAL,7002.0,DEV FALTAS INJUSTIFICADAS,2715.0
4,ADIANTAMENTO DE 13. SALARIO,24085,VALOR PREMIO PRODUTIVIDADE,R,202310,3.0,ADIANTAMENTO 13 SALARIO,11020.0,RES PRODUTIVIDADE,11020.0
1,MENSAL,23425,BASE MEDIA FER SAL SUBST,R,202310,1.0,MENSAL,11401.0,BASE MEDIA FERIAS,11401.0
1,MENSAL,10030,REND TRIB BRUTOS,R,202310,1.0,MENSAL,13000.0,BASE BRUTA IRRF MES,13000.0
5,RESCISAO,23670,IND ESTAGIO,R,202309,12.0,RESCISAO ESTAGIARIO,27402.0,IND ESTAGIO,27402.0
4,ADIANTAMENTO DE 13. SALARIO,10855,MEDIA ADCIONAL NOTURNO 20% BASE 13º SALA,R,201711,3.0,ADIANTAMENTO 13 SALARIO,27129.0,MEDIA ADCIONAL NOTURNO 20% BASE 13º SALA,27128.0
2,FERIAS,23455,BASE  MED FER AD NOTUR,R,202310,2.0,FERIAS 1 OCORRENCIA NO MES,11401.0,BASE MEDIA FERIAS,11401.0
3,13. SALARIO,23720,BASE MED SOBRE AVISO,R,202212,4.0,13 SALARIO,27484.0,BASE MED SOBRE AVISO,27479.0
5,RESCISAO,12108,BSC VLR 02 - UNIEMP - APTO DEP 4,R,202310,5.0,RESCISAO,27218.0,BSC VLR 02 - UNIEMP - APTO DEP 4,27218.0
15,ACORDO TRABALHISTA 2009,10050,SALARIO CONTRATUAL,R,200909,40.0,ACORDO TRABALHISTA 2009,11000.0,SALARIO CONTRATUAL,11000.0
5,RESCISAO,12073,BSC VL 08 - UNIF - ENF - CET 30% DEP 1,R,202310,5.0,RESCISAO,27195.0,BSC VL 08 - UNIF - ENF - CET 30% DEP 1,27195.0
12,RESCISAO COMPLEMENTAR,23920,SIND FISIOTERAPIA IND,R,201812,8.0,RESCISAO COMP FORA DO MES,27405.0,SIND FISIOTERAPIA IND,27405.0
3,13. SALARIO,10540,QUINQUENIO RESULTADO,R,202212,4.0,13 SALARIO,11210.0,RES QUINQUENIO,11210.0
1,MENSAL,10060,VALOR COTA SALARIO FAMILIA,R,202310,1.0,MENSAL,12855.0,VALOR COTA SALARIO FAMILIA,12855.0
14,ACORDO TRABALHISTA,10100,SALARIO LIQUIDO,R,201302,39.0,ACORDO TRABALHISTA,10200.0,LIQUIDO A RECEBER,10200.0
1,MENSAL,10000,TOTAL PROVENTOS,R,202310,1.0,MENSAL,10000.0,TOTAL PROVENTOS,10000.0
1,MENSAL,10580,INDIC INSAL 40% SOBRE SALARIO BASE,R,202008,1.0,MENSAL,27103.0,INDIC INSAL 40% SOBRE SALARIO BASE,27103.0
5,RESCISAO,20150,QUANT DIAS LICENCA MATERNIDADE,R,202205,5.0,RESCISAO,20405.0,NUM DIAS LICENCA MATERNIDADE,20405.0
5,RESCISAO,12111,BSC VL 05-UNIEMP - COOP - ENF 30% DEP 4,R,202310,5.0,RESCISAO,27221.0,BSC VL 05-UNIEMP - COOP - ENF 30% DEP 4,27221.0
5,RESCISAO,24930,DEVOLUÇÃO DESC INDEVIDO,P,202307,5.0,RESCISAO,2715.0,DEVOLUCAO DE DESCONTO INDEVIDO,4450.0
1,MENSAL,12031,VLR 02 - UNIEMPRESA - APTO DEP 2,R,202306,1.0,MENSAL,27179.0,VLR 02 - UNIEMPRESA - APTO DEP 2,27176.0
5,RESCISAO,10890,MAIOR REMUNERACAO,R,202310,5.0,RESCISAO,27133.0,MAIOR REMUNERACAO,27133.0
4,ADIANTAMENTO DE 13. SALARIO,22920,NUMERO DE DIAS UTEIS(DIA DA SEMANA),R,202305,3.0,ADIANTAMENTO 13 SALARIO,27148.0,NUMERO DE DIAS UTEIS(DIA DA SEMANA),27148.0
14,ACORDO TRABALHISTA,5000,INSS,D,201302,39.0,ACORDO TRABALHISTA,7200.0,INSS MES,7200.0
13,FOLHA COMPLEMENTAR,20020,QUANT DIAS FERIAS MES,R,200702,13.0,    COMPLEMENTAR DIAS 01 A 10,28485.0,NUM DIAS FERIAS,28485.0
16,RESCISÃO COMP. DIF. SALARIAL  ,10690,MEDIA HORAS EXTRAS 50% 13º SALARIO,R,200904,8.0,RESCISAO COMP FORA DO MES,27121.0,MEDIA HORAS EXTRAS 50% 13º SALARIO,27121.0
5,RESCISAO,10660,QUANT MEDIA HORAS EXTRAS 50% (13º),R,201807,5.0,RESCISAO,27120.0,QUANT MEDIA HORAS EXTRAS 50% (13º),27120.0
5,RESCISAO,20220,QUANT PASSES ONIBUS,R,202310,5.0,RESCISAO,17510.0,QTD PASSES ONIBUS DIA,17510.0
1,MENSAL,23140,NUM DIAS CORRETO MES,R,202310,1.0,MENSAL,25986.0,NUM DIAS CORRETOS MES,25986.0
12,RESCISAO COMPLEMENTAR,10800,QUANT MEDIA ADIC NOTURNO (FERIAS),R,201312,8.0,RESCISAO COMP FORA DO MES,27125.0,QUANT MEDIA ADIC NOTURNO (FERIAS),27125.0
1,MENSAL,22482,PERC CONTR FAP  PARTE EMPRESA,R,202310,1.0,MENSAL,12302.0,GPS-% FAP,12302.0
12,RESCISAO COMPLEMENTAR,1010,FERIAS,P,201604,8.0,RESCISAO COMP FORA DO MES,4000.0,FERIAS 1 OCORRENCIA,4000.0
1,MENSAL,12358,VLR 03 - BRONZE DOC DEP 1,R,202310,1.0,MENSAL,27287.0,VLR 03 - BRONZE DOC DEP 1,27289.0
2,FERIAS,20070,QUANT HORAS EXTRAS 50%,R,201805,2.0,FERIAS 1 OCORRENCIA NO MES,20600.0,QTD HORAS EXTRAS 50%,20600.0
1,MENSAL,22660,GRATIFICACAO MES ANTERIOR,P,201309,1.0,MENSAL,1910.0,GRATIFICACAO,1961.0
1,MENSAL,12439,BSC VLR07- OURO I DEP1,R,202310,1.0,MENSAL,27326.0,BSC VLR07- OURO I DEP1,27323.0
15,ACORDO TRABALHISTA 2009,10790,BASE CALCULO ADICIONAL NOTURNO,R,200909,40.0,ACORDO TRABALHISTA 2009,11525.0,BASE SALARIO HORA EXTRA E AD NOTURNO,11525.0
5,RESCISAO,610,SALARIO SUBSTITUIÇÃO,P,201706,5.0,RESCISAO,35.0,SALARIO SUBSTITUICAO,3430.0
1,MENSAL,22520,VALE TRANSPORTE RESULTADO,R,202310,1.0,MENSAL,27501.0,VALE TRANSPORTE RESULTADO,12445.0
5,RESCISAO,12185,IND 01-UN EF DO SEU JTO DEP 2,R,202307,5.0,RESCISAO,27249.0,IND 01-UN EF DO SEU JTO DEP 2,27249.0
5,RESCISAO,620,INDENIZAÇÃO ESTABILIDADE,P,202202,5.0,RESCISAO,3430.0,INDENIZAÇÃO ESTABILIDADE,35.0
4,ADIANTAMENTO DE 13. SALARIO,10270,FGTS 13º SALARIO,R,202310,3.0,ADIANTAMENTO 13 SALARIO,14305.0,FGTS 13 SALARIO,14305.0
1,MENSAL,5790,PLANO DE ASSISTÊNCIA ODONTOLÓGICA,D,202204,1.0,MENSAL,8535.0,PLANO DE ASSISTÊNCIA ODONTOLÓGICA,8535.0
5,RESCISAO,23985,BASE ADIC NOTURNO ATESTADO,R,202309,5.0,RESCISAO,27393.0,BASE ADIC NOTURNO ATESTADO,27393.0
11,PRO-LABORE,5680,ADIANTAMENTO DE PRÓ-LABORE,D,200606,10.0,MENSAL PRO-LABORE/DIRETOR,9825.0,DESCONTO ADIANTAMENTO PRO LABORE,9826.0
4,ADIANTAMENTO DE 13. SALARIO,10980,INSAL 40% SOBRE PISO SAL. RESULTADO,R,201711,3.0,ADIANTAMENTO 13 SALARIO,11030.0,RES INSALUBRIDADE,11030.0
1,MENSAL,12469,BSC VLR08- OURO PROTESE DEP3,R,202310,1.0,MENSAL,27338.0,BSC VLR08- OURO PROTESE DEP3,27334.0
2,FERIAS,20020,QUANT DIAS FERIAS MES,R,202310,2.0,FERIAS 1 OCORRENCIA NO MES,28485.0,NUM DIAS FERIAS,28485.0
5,RESCISAO,23730,BASE MED DSR AD NOT,R,201912,5.0,RESCISAO,27448.0,BASE MED DSR AD NOT,27448.0
1,MENSAL,20170,QUANT MESES 13º SALARIO,R,200912,1.0,MENSAL,21700.0,NUM AVOS 13 SALARIO,21700.0
1,MENSAL,5025,ATESTADO MEDICO,P,202310,1.0,MENSAL,415.0,AUXILIO DOENCA,415.0
1,MENSAL,10563,IND INSAL 20% PISO ENF,R,202310,1.0,MENSAL,27101.0,IND INSAL 20% PISO ENF,27101.0
1,MENSAL,560,VALE CRECHE MES ANTERIOR,P,201604,1.0,MENSAL,2406.0,DIF AUXILIO CRECHE,3471.0
5,RESCISAO,520,ADICIONAL NOTURNO 20%,P,202309,5.0,RESCISAO,1100.0,ADICIONAL NOTURNO 20%,860.0
1,MENSAL,6000,CARTÃO CONSIGNADO UNICARD,D,201104,1.0,MENSAL,8580.0,DESCONTO CARTÃO CONSIGNADO,8536.0
16,RESCISÃO COMP. DIF. SALARIAL  ,10710,MEDIA ADICIONAL NOTURNO FERIAS,R,201707,8.0,RESCISAO COMP FORA DO MES,27123.0,MEDIA ADICIONAL NOTURNO FERIAS,27123.0
16,RESCISÃO COMP. DIF. SALARIAL  ,10020,SALARIO CONT. INSS,R,201707,8.0,RESCISAO COMP FORA DO MES,12000.0,BASE INSS MES,12000.0
5,RESCISAO,10220,BASE CALC IRRF FERIAS,R,202310,5.0,RESCISAO,13310.0,BASE LIQUIDA IRRF FERIAS,13320.0
1,MENSAL,12220,IND 01 - BRONZE I DEP I,R,202310,1.0,MENSAL,27267.0,IND 01 - BRONZE I DEP I,27266.0
2,FERIAS,23470,BASE HX 100 % MED FER,R,202310,2.0,FERIAS 1 OCORRENCIA NO MES,11401.0,BASE MEDIA FERIAS,11401.0
3,13. SALARIO,10520,TRIENIO RESULTADO,R,202212,4.0,13 SALARIO,11205.0,RES TRIENIO,11205.0
5,RESCISAO,5880,PLANO ODONTOGROUP - TITULAR,D,202112,5.0,RESCISAO,8550.0,PLANO ODONTOGROUP - TITULAR,8550.0
1,MENSAL,5210,CONVENIO CAESGH-COI,D,199903,1.0,MENSAL,8810.0,CONVENIO,8505.0
1,MENSAL,12123,IND 01 - UNIEMP - ENF DEP 2,R,202310,1.0,MENSAL,27233.0,IND 01 - UNIEMP - ENF DEP 2,27498.0
1,MENSAL,10970,INDIC INSAL 40% SOBRE SALARIO MINIMO,R,201712,1.0,MENSAL,27137.0,INDIC INSAL 40% SOBRE SALARIO MINIMO,27137.0
5,RESCISAO,22450,GRPS-SAL CONTRIB INSS MES,R,202310,5.0,RESCISAO,27490.0,GRPS-SAL CONTRIB INSS MES,25700.0
1,MENSAL,23450,BASE  MED FER AD NOTU,R,202310,1.0,MENSAL,11401.0,BASE MEDIA FERIAS,11401.0
12,RESCISAO COMPLEMENTAR,10830,MEDIA HORAS EXTRAS 50% FERIAS,R,201312,8.0,RESCISAO COMP FORA DO MES,27127.0,MEDIA HORAS EXTRAS 50% FERIAS,27127.0
1,MENSAL,110,SALARIO MATERNIDADE,P,202310,1.0,MENSAL,4910.0,13 SALARIO MATERNIDADE LEI 10710,4910.0
12,RESCISAO COMPLEMENTAR,3910,13. SALARIO MATERNIDADE,P,200404,8.0,RESCISAO COMP FORA DO MES,4910.0,13 SALARIO MATERNIDADE LEI 10710,4910.0
16,RESCISÃO COMP. DIF. SALARIAL  ,170,TAXA DE ENFERMAGEM,P,201702,8.0,RESCISAO COMP FORA DO MES,1950.0,TAXA DE ENFERMAGEM,1950.0
16,RESCISÃO COMP. DIF. SALARIAL  ,200,ASSIDUIDADE,P,201705,8.0,RESCISAO COMP FORA DO MES,1960.0,ASSIDUIDADE,1960.0
1,MENSAL,5520,FUNDO CX EMERGENCIAL CAESGH,D,200205,1.0,MENSAL,9820.0,OUTROS DESCONTOS,9005.0
1,MENSAL,12354,BSC VLR 03 BRONZE DOC,R,202310,1.0,MENSAL,27285.0,BSC VLR 03 BRONZE DOC,27284.0
5,RESCISAO,1540,INDENIZACAO ART 479 CLT,P,202306,5.0,RESCISAO,5055.0,INDENIZACAO ART 479 CLT,5090.0
15,ACORDO TRABALHISTA 2009,10110,SAL CONTRIB INSS ATE O TETO,R,200909,40.0,ACORDO TRABALHISTA 2009,12200.0,BASE INSS LIMITE TETO INSS,12200.0
5,RESCISAO,23850,BASE MED DSR AD NOT RESC,R,202310,5.0,RESCISAO,27465.0,BASE MED DSR AD NOT RESC,27465.0
1,MENSAL,22770,QUANT DIAS UTEIS DSR,R,202310,1.0,MENSAL,21611.0,NUM DIAS UTEIS DSR,21611.0
13,FOLHA COMPLEMENTAR,23010,DEDUCOES DEP IRRF,R,200702,13.0,    COMPLEMENTAR DIAS 01 A 10,13650.0,DEDUCAO DEPENDENTE IRRF MES,13650.0
5,RESCISAO,10800,QUANT MEDIA ADIC NOTURNO (FERIAS),R,202310,5.0,RESCISAO,27125.0,QUANT MEDIA ADIC NOTURNO (FERIAS),27125.0
5,RESCISAO,10170,BASE CALC 13º SALARIO,R,202310,5.0,RESCISAO,11415.0,BASE 13 SALARIO,11425.0
1,MENSAL,20090,QUANT HORAS TRAB MES (JORNADA TRABALHO),R,202310,1.0,MENSAL,11600.0,CARGA HORARIA MENSAL,11600.0
2,FERIAS,23420,BASE MEDIA FER GRAT FUNC,R,202310,2.0,FERIAS 1 OCORRENCIA NO MES,11401.0,BASE MEDIA FERIAS,11401.0
5,RESCISAO,12015,VLR 06 - UNIEMPRESA - COOP - APTO - 30%,R,201910,5.0,RESCISAO,27166.0,VLR 06 - UNIEMPRESA - COOP - APTO - 30%,27167.0
5,RESCISAO,23810,BASE MED HX 50% RESC 1,R,202206,5.0,RESCISAO,27459.0,BASE MED HX 50% RESC 1,27474.0
3,13. SALARIO,10570,INDIC INSAL 20% SOBRE SALARIO BASE,R,202212,4.0,13 SALARIO,27102.0,INDIC INSAL 20% SOBRE SALARIO BASE,27102.0
5,RESCISAO,5050,INSS 13º SALARIO,D,202310,5.0,RESCISAO,7210.0,INSS 13 SALARIO,7230.0
12,RESCISAO COMPLEMENTAR,22830,DSR HORAS EXTRAS,P,201812,8.0,RESCISAO COMP FORA DO MES,885.0,DSR HORAS EXTRAS,885.0
5,RESCISAO,22650,GRAT. ASSID/PONT. MES ANTERIOR,P,201706,5.0,RESCISAO,1961.0,DIF ASSIDUIDADE,1961.0
1,MENSAL,23365,BASE ASSIDUIDADE ATESTADO,R,202310,1.0,MENSAL,27377.0,BASE ASSIDUIDADE ATESTADO,27378.0
1,MENSAL,12460,IND 08 - OURO PROTESE DEP 1,R,202310,1.0,MENSAL,27335.0,IND 08 - OURO PROTESE DEP 1,27334.0
5,RESCISAO,11785,INDICADOR MATERNIDADE >= 01.09.2003,R,202310,5.0,RESCISAO,26177.0,INDICADOR MATERNIDADE >= 01/09/2003,26177.0
5,RESCISAO,20090,QUANT HORAS TRAB MES (JORNADA TRABALHO),R,202310,5.0,RESCISAO,11600.0,CARGA HORARIA MENSAL,11600.0
1,MENSAL,400,ABONO COV.COLETIVA,P,200305,1.0,MENSAL,3410.0,ABONO COV.COLETIVA,3415.0
5,RESCISAO,12107,BSC VLR 01 - UNIEMP - ENF DEP 4,R,202310,5.0,RESCISAO,27217.0,BSC VLR 01 - UNIEMP - ENF DEP 4,27217.0
1,MENSAL,540,HORAS EXTRAS NOTURNAS,P,202107,1.0,MENSAL,860.0,HORAS EXTRAS NOTURNAS,8562.0
1,MENSAL,10660,QUANT MEDIA HORAS EXTRAS 50% (13º),R,201807,1.0,MENSAL,27120.0,QUANT MEDIA HORAS EXTRAS 50% (13º),27120.0
12,RESCISAO COMPLEMENTAR,11790,INDICADOR MATERNIDADE < 01.09.2003,R,201805,8.0,RESCISAO COMP FORA DO MES,26180.0,INDICADOR MATERNIDADE < 01/09/2003,26180.0
16,RESCISÃO COMP. DIF. SALARIAL  ,240,REPOUSO REMUNERADO (FERIADO),P,201112,8.0,RESCISAO COMP FORA DO MES,885.0,DSR HORAS EXTRAS,885.0
5,RESCISAO,10375,TOTAL PROVENTOS AUX II,R,202307,5.0,RESCISAO,10004.0,TOTAL PROVENTOS AUX II,10004.0
1,MENSAL,5530,VALE TRANSPORTES MES ANTERIOR,D,201803,1.0,MENSAL,8401.0,DIF VALE TRANSPORTE,8401.0
1,MENSAL,5620,UNIFORME,D,202012,1.0,MENSAL,9010.0,UNIFORME,8525.0
2,FERIAS,1060,1/3 CONSTITUCIONAL FERIAS MES SEGUINTE,P,202310,2.0,FERIAS 1 OCORRENCIA NO MES,4445.0,1/3 FERIAS MES SEGUINTE,4420.0
13,FOLHA COMPLEMENTAR,10130,BASE CALC AFASTAMENTO,R,202202,13.0,    COMPLEMENTAR DIAS 01 A 10,11430.0,BASE AFASTAMENTO,11430.0
3,13. SALARIO,20170,QUANT MESES 13º SALARIO,R,202212,4.0,13 SALARIO,21700.0,NUM AVOS 13 SALARIO,21700.0
1,MENSAL,12464,BSC VLR08- OURO PROTESE DEP2,R,202310,1.0,MENSAL,27336.0,BSC VLR08- OURO PROTESE DEP2,27334.0
3,13. SALARIO,10050,SALARIO CONTRATUAL,R,202212,4.0,13 SALARIO,11000.0,SALARIO CONTRATUAL,11000.0
16,RESCISÃO COMP. DIF. SALARIAL  ,10030,REND TRIB BRUTOS,R,201707,8.0,RESCISAO COMP FORA DO MES,13000.0,BASE BRUTA IRRF MES,13000.0
2,FERIAS,10570,INDIC INSAL 20% SOBRE SALARIO BASE,R,201801,2.0,FERIAS 1 OCORRENCIA NO MES,27102.0,INDIC INSAL 20% SOBRE SALARIO BASE,27102.0
1,MENSAL,23010,DEDUCOES DEP IRRF,R,202310,1.0,MENSAL,13650.0,DEDUCAO DEPENDENTE IRRF MES,13650.0
4,ADIANTAMENTO DE 13. SALARIO,24910,COMPOSIÇÃO SALARIAL,R,202304,3.0,ADIANTAMENTO 13 SALARIO,11500.0,REMUNERACAO FIXA MENSAL,27445.0
5,RESCISAO,10563,IND INSAL 20% PISO ENF,R,202309,5.0,RESCISAO,27101.0,IND INSAL 20% PISO ENF,27101.0
1,MENSAL,5420,PRODUTOS E MEDICAMENTOS,D,199901,1.0,MENSAL,9820.0,OUTROS DESCONTOS,9821.0
16,RESCISÃO COMP. DIF. SALARIAL  ,1610,SALDO DE SALARIO,P,201705,8.0,RESCISAO COMP FORA DO MES,10.0,SALDO DE SALARIO,10.0
14,ACORDO TRABALHISTA,120,INSAL 20% SOBRE PISO STS,P,201208,39.0,ACORDO TRABALHISTA,30.0,ADICIONAL INSALUBRIDADE,30.0
1,MENSAL,24060,INDICADOR ATESTADO MÉDICO,R,202310,1.0,MENSAL,27395.0,INDICADOR ATESTADO MÉDICO,27396.0
5,RESCISAO,23475,BASE HX 50% MED FER,R,202008,5.0,RESCISAO,11401.0,BASE MEDIA FERIAS,11401.0
5,RESCISAO,23390,BASE QUAT DE DIAS TRAB NO MES,R,202310,5.0,RESCISAO,20003.0,NUM DIAS TRABALHADOS MENSALISTA,27381.0
1,MENSAL,290,GRATIFICACAO ADCIONAL,P,199903,1.0,MENSAL,1970.0,GRATIFICACAO ADICIONAL,3405.0
1,MENSAL,10240,DEDUCOES IRRF FERIAS,R,202310,1.0,MENSAL,13605.0,DEDUCOES IRRF FERIAS,13605.0
1,MENSAL,22780,QUANT DIAS NAO TRAB ADMISSAO,R,202310,1.0,MENSAL,21606.0,NUM DIAS NAO TRAB ADMISSAO,21606.0
1,MENSAL,23265,DEVOLUÇÃO DESC INDEVIDO,P,202310,1.0,MENSAL,2715.0,DEVOLUCAO DE DESCONTO INDEVIDO,8590.0
1,MENSAL,5140,VALE TRANSPORTE,D,202310,1.0,MENSAL,8400.0,VALE TRANSPORTE,8400.0
2,FERIAS,200,ASSIDUIDADE,P,201804,2.0,FERIAS 1 OCORRENCIA NO MES,1960.0,ASSIDUIDADE,1960.0
1,MENSAL,12345,IND 02 - BRONZE INTEGRAL I DEP 2,R,202310,1.0,MENSAL,27280.0,IND 02 - BRONZE INTEGRAL I DEP 2,27278.0
13,FOLHA COMPLEMENTAR,20000,QUANT DIAS TRAB MES,R,202202,13.0,    COMPLEMENTAR DIAS 01 A 10,20005.0,NUM DIAS TRABALHADOS MES,20005.0
4,ADIANTAMENTO DE 13. SALARIO,24165,COMPLEMENTO SALARIAL,R,202304,3.0,ADIANTAMENTO 13 SALARIO,27399.0,COMPLEMENTO SALARIAL,27399.0
2,FERIAS,23920,SIND FISIOTERAPIA IND,R,202205,2.0,FERIAS 1 OCORRENCIA NO MES,27405.0,SIND FISIOTERAPIA IND,27405.0
1,MENSAL,10510,QUANT TRIENIOS,R,202310,1.0,MENSAL,20205.0,NUM TRIENIOS,20205.0
1,MENSAL,23440,DSR ADIC NOTURNO,P,202310,1.0,MENSAL,1290.0,DSR ADICIONAL NOTURNO,4010.0
15,ACORDO TRABALHISTA 2009,20210,QUANT HORAS ADICIONAL NOTURNO,R,200909,40.0,ACORDO TRABALHISTA 2009,21100.0,QTD ADICIONAL NOTURNO 20%,21100.0
5,RESCISAO,23495,BASE FERIADO MED FER,R,202307,5.0,RESCISAO,11401.0,BASE MEDIA FERIAS,11401.0
5,RESCISAO,5230,DESCONTO AVISO PREVIO,D,202310,5.0,RESCISAO,8000.0,DESCONTO AVISO PREVIO,8000.0
3,13. SALARIO,1590,13º SAL S/ AVISO PREV INDENIZ,P,201912,4.0,13 SALARIO,5125.0,13 SALARIO INDENIZADO AVISO PREVIO,5105.0
1,MENSAL,220,ADICIONAL DE HORAS TRABALHADAS,P,199903,1.0,MENSAL,3400.0,ADICIONAL DE HORAS TRABALHADAS,6.0
15,ACORDO TRABALHISTA 2009,10590,INSAL 20% SOBRE PISO SAL RESULTADO,R,200909,40.0,ACORDO TRABALHISTA 2009,27104.0,INSAL 20% SOBRE PISO SAL RESULTADO,27104.0
5,RESCISAO,12011,VLR 02 - UNIEMPRESA - APTO,R,202309,5.0,RESCISAO,27163.0,VLR 02 - UNIEMPRESA - APTO,27163.0
5,RESCISAO,22760,FGTS MULTA RESCISAO 40% GRRF,R,202310,5.0,RESCISAO,14313.0,+FGTS MULTA 40% RESCISAO,14313.0
1,MENSAL,12384,BSC VLR04- BRONZE PLUS DEP2,R,202310,1.0,MENSAL,27301.0,BSC VLR04- BRONZE PLUS DEP2,27299.0
5,RESCISAO,20060,QUANT DIAS FALTAS INJUSTIFICADAS,R,202310,5.0,RESCISAO,21400.0,QTD. DIAS FALTAS INJUSTIFICADAS,21400.0
1,MENSAL,12378,VLR 04 - BRONZE PLUS DEP 1,R,202310,1.0,MENSAL,27297.0,VLR 04 - BRONZE PLUS DEP 1,27298.0
3,13. SALARIO,10560,INDIC INSAL 20% SOBRE SALARIO MINIMO,R,202212,4.0,13 SALARIO,27100.0,INDIC INSAL 20% SOBRE SALARIO MINIMO,27100.0
1,MENSAL,24145,HORAS EXTRAS NOTURNAS - STS,P,202310,1.0,MENSAL,755.0,HORAS EXTRAS NOTURNAS - STS,900.0
12,RESCISAO COMPLEMENTAR,23145,BUSCA DIAS LICENÇA GESTANTE,R,201010,8.0,RESCISAO COMP FORA DO MES,26165.0,BUSCA DIAS LICENCA GESTANTE,25986.0
16,RESCISÃO COMP. DIF. SALARIAL  ,3910,13. SALARIO MATERNIDADE,P,201705,8.0,RESCISAO COMP FORA DO MES,4910.0,13 SALARIO MATERNIDADE LEI 10710,4910.0
1,MENSAL,10820,QUANT MEDIA HORAS EXTRAS 100% FERIAS,R,201807,1.0,MENSAL,27128.0,MEDIA HORAS EXTRAS 100% FERIAS,27126.0
3,13. SALARIO,10170,BASE CALC 13º SALARIO,R,202212,4.0,13 SALARIO,11415.0,BASE 13 SALARIO,11415.0
5,RESCISAO,22527,GRPS-CONTRIB TERC ATESTADO MED,R,202310,5.0,RESCISAO,27496.0,GRPS-CONTRIB TERC ATESTADO MED,27496.0
2,FERIAS,23460,MED AD NOT FER,P,202310,2.0,FERIAS 1 OCORRENCIA NO MES,4410.0,MEDIA FERIAS MES,4010.0
1,MENSAL,12333,VLR 02 BRONZE INTEGRAL I,R,202310,1.0,MENSAL,27272.0,VLR 02 BRONZE INTEGRAL I,27273.0
5,RESCISAO,24355,MED HRS SOBRE AVISO RESC,R,202207,5.0,RESCISAO,27410.0,MED HRS SOBRE AVISO RESC,27409.0
5,RESCISAO,23875,BASE MED TAXA ENF RESC,R,202310,5.0,RESCISAO,27450.0,BASE MED TAXA ENF RESC,27450.0
5,RESCISAO,24065,IND SINDICATO DA ENFERMAGEM (SIENF),R,202310,5.0,RESCISAO,27396.0,IND SINDICATO DA ENFERMAGEM (SIENF),27396.0
12,RESCISAO COMPLEMENTAR,20170,QUANT MESES 13º SALARIO,R,200904,8.0,RESCISAO COMP FORA DO MES,21700.0,NUM AVOS 13 SALARIO,21700.0
1,MENSAL,23190,DIF.AD.NOTURNO ACM 01495-2008,P,200812,1.0,MENSAL,1101.0,DIF ADICIONAL NOTURNO 20%,1101.0
5,RESCISAO,22505,GRPS-CONTRIB FAP EMPRESA,R,202310,5.0,RESCISAO,12445.0,GPS-SAT,12445.0
1,MENSAL,5360,PLANO DE SAUDE,D,199908,1.0,MENSAL,8510.0,PLANO DE SAUDE,8505.0
1,MENSAL,10080,DEDUCOES IRRF MES,R,202310,1.0,MENSAL,13600.0,DEDUCOES IRRF MES,13600.0
3,13. SALARIO,10855,MEDIA ADCIONAL NOTURNO 20% BASE 13º SALA,R,201712,4.0,13 SALARIO,27129.0,MEDIA ADCIONAL NOTURNO 20% BASE 13º SALA,27128.0
13,FOLHA COMPLEMENTAR,5010,IRRF,D,200406,13.0,    COMPLEMENTAR DIAS 01 A 10,7400.0,IRRF MES,7400.0
15,ACORDO TRABALHISTA 2009,22920,NUMERO DE DIAS UTEIS(DIA DA SEMANA),R,200909,40.0,ACORDO TRABALHISTA 2009,27148.0,NUMERO DE DIAS UTEIS(DIA DA SEMANA),27148.0
1,MENSAL,23340,BASE MEDIA AD NOT MAT,R,202310,1.0,MENSAL,27373.0,BASE MEDIA AD NOT MAT,27373.0
5,RESCISAO,12012,VLR 03 - UNIEMPRESA - COOP - ENF - 50%,R,202110,5.0,RESCISAO,27164.0,VLR 03 - UNIEMPRESA - COOP - ENF - 50%,27163.0
5,RESCISAO,23410,BASE MEDIA FER  GRAT ASS,R,202310,5.0,RESCISAO,11401.0,BASE MEDIA FERIAS,11401.0
5,RESCISAO,22710,PIS REND/ABONO,P,201308,5.0,RESCISAO,2705.0,PIS RENDIMENTO/ABONO,8700.0
1,MENSAL,23885,BASE ASSID RESC,R,202012,1.0,MENSAL,27451.0,BASE ASSID RESC,27451.0
1,MENSAL,22580,PERCENTUAL (T) SIND TRAB TEC SAUDE RP,R,202008,1.0,MENSAL,27343.0,PERCENTUAL (T) SIND TRAB TEC SAUDE RP,27343.0
5,RESCISAO,10870,MEDIA HORAS EXTRAS 50% RESCISAO,R,201807,5.0,RESCISAO,27131.0,MEDIA HORAS EXTRAS 50% RESCISAO,27131.0
11,PRO-LABORE,5000,INSS,D,200407,10.0,MENSAL PRO-LABORE/DIRETOR,7200.0,INSS MES,7200.0
1,MENSAL,22790,QUANT DIAS NAO TRAB RESCISAO,R,202310,1.0,MENSAL,21609.0,NUM DIAS NAO TRAB RESCISAO,21609.0
5,RESCISAO,40,HORAS EXTRAS 100%,P,201805,5.0,RESCISAO,650.0,HORAS EXTRAS 100%,600.0
5,RESCISAO,5020,FALTAS INJUSTIFICADAS,D,202310,5.0,RESCISAO,7000.0,DESCONTO FALTAS INJUSTIFICADAS,7000.0
1,MENSAL,5760,EMPRESTIMO PESSOAL C/ DESC. FL.PGT I,D,201106,1.0,MENSAL,8570.0,EMPRESTIMO PESSOAL C/ DESC. FL.PGT I,8565.0
16,RESCISÃO COMP. DIF. SALARIAL  ,22650,GRAT. ASSID/PONT. MES ANTERIOR,P,201211,8.0,RESCISAO COMP FORA DO MES,1961.0,DIF ASSIDUIDADE,1961.0
1,MENSAL,12122,BSC VL 08 - UNIF - ENF - CET 30% DEP 5,R,202310,1.0,MENSAL,27232.0,BSC VL 08 - UNIF - ENF - CET 30% DEP 5,27498.0
5,RESCISAO,22470,GRPS-SAL CONTRIB INSS TOTAL,R,201903,5.0,RESCISAO,27491.0,GRPS-SAL CONTRIB INSS TOTAL,27491.0
1,MENSAL,10200,REND TRIB BRUTOS FERIAS,R,202310,1.0,MENSAL,13100.0,BASE BRUTA IRRF FERIAS,13100.0
1,MENSAL,10570,INDIC INSAL 20% SOBRE SALARIO BASE,R,202211,1.0,MENSAL,27102.0,INDIC INSAL 20% SOBRE SALARIO BASE,27102.0
5,RESCISAO,20030,QUANT DIAS AFASTAMENTO MES,R,202309,5.0,RESCISAO,21604.0,NUM DIAS AFASTAMENTO MES,21604.0
2,FERIAS,10820,QUANT MEDIA HORAS EXTRAS 100% FERIAS,R,201809,2.0,FERIAS 1 OCORRENCIA NO MES,27128.0,MEDIA HORAS EXTRAS 100% FERIAS,27126.0
6,ADIANTAMENTO QUINZENAL,10000,TOTAL PROVENTOS,R,201108,6.0,ADIANTAMENTO QUINZENAL,10000.0,TOTAL PROVENTOS,10000.0
2,FERIAS,10980,INSAL 40% SOBRE PISO SAL. RESULTADO,R,201801,2.0,FERIAS 1 OCORRENCIA NO MES,11030.0,RES INSALUBRIDADE,11030.0
16,RESCISÃO COMP. DIF. SALARIAL  ,22680,HORAS EXTRAS 50%,P,201702,8.0,RESCISAO COMP FORA DO MES,600.0,HORAS EXTRAS 50%,600.0
5,RESCISAO,22954,VALIDA MÊS DEZEMBRO,R,202212,5.0,RESCISAO,26125.0,MES = DEZEMBRO,26129.0
5,RESCISAO,12433,VLR 07 OURO I,R,202304,5.0,RESCISAO,27322.0,VLR 07 OURO I,27325.0
1,MENSAL,5860,PLANO ASSIST ODONTOLOGICA CUNHA,D,202203,1.0,MENSAL,8540.0,PLANO ASSIST ODONTOLOGICA CUNHA,8540.0
16,RESCISÃO COMP. DIF. SALARIAL  ,10010,TOTAL DESCONTOS,R,201707,8.0,RESCISAO COMP FORA DO MES,10100.0,TOTAL DESCONTOS,10100.0
5,RESCISAO,90,TRIENIO,P,202310,5.0,RESCISAO,205.0,TRIENIO,205.0
11,PRO-LABORE,5820,SEGURO DE VIDA,D,201510,10.0,MENSAL PRO-LABORE/DIRETOR,8500.0,DESCONTO SEGURO DE VIDA,7095.0
1,MENSAL,5710,PENSÃO ALIMENTÍCIA S/ SALARIO MINIMO,D,200701,1.0,MENSAL,7600.0,PENSAO ALIMENTICIA MES,9815.0
1,MENSAL,12344,BSC VLR02- BRONZE INTEGRAL I DEP2,R,202310,1.0,MENSAL,27279.0,BSC VLR02- BRONZE INTEGRAL I DEP2,27278.0
5,RESCISAO,12025,VLR 01 - UNIEMPRESA - ENF DEP 1,R,202309,5.0,RESCISAO,27175.0,VLR 01 - UNIEMPRESA - ENF DEP 1,18568.0
11,PRO-LABORE,24950,DEDUÇOES IRRF MES,R,202310,10.0,MENSAL PRO-LABORE/DIRETOR,13600.0,DEDUCOES IRRF MES,13615.0
1,MENSAL,23040,DSR HRS SOBREAVISO,P,202302,1.0,MENSAL,915.0,DSR HORAS SOBREAVISO,915.0
4,ADIANTAMENTO DE 13. SALARIO,10171,BASE CALC ADTO 13º SALARIO MES ANIV,R,202310,3.0,ADIANTAMENTO 13 SALARIO,11415.0,BASE 13 SALARIO,11415.0
3,13. SALARIO,10593,INSAL 20% PISO ENF,R,202212,4.0,13 SALARIO,27105.0,INSAL 20% PISO ENF,27106.0
1,MENSAL,20033,NUM DIAS ATESTADO MEDICO ACID TRAB >15,R,202302,1.0,MENSAL,20430.0,NUM DIAS AFASTAMENTO ACID TRAB >15 DIAS,20415.0
1,MENSAL,12012,VLR 03 - UNIEMPRESA - COOP - ENF - 50%,R,202310,1.0,MENSAL,27164.0,VLR 03 - UNIEMPRESA - COOP - ENF - 50%,27163.0
1,MENSAL,1690,DEVOLUÇÃO DESCONTO CARTÃO CONSIGNADO,P,201107,1.0,MENSAL,8707.0,DEV DESC EMPRESTIMO CONSIGNADO BANCO 1,6.0
1,MENSAL,12350,IND 02 - BRONZE INTEGRAL I DEP 3,R,202310,1.0,MENSAL,27283.0,IND 02 - BRONZE INTEGRAL I DEP 3,27282.0
1,MENSAL,12127,IND 02 - UNIEMP - APTO DEP 2,R,202308,1.0,MENSAL,27235.0,IND 02 - UNIEMP - APTO DEP 2,27234.0
12,RESCISAO COMPLEMENTAR,10270,FGTS 13º SALARIO,R,201604,8.0,RESCISAO COMP FORA DO MES,14305.0,FGTS 13 SALARIO,27439.0
1,MENSAL,23390,BASE QUAT DE DIAS TRAB NO MES,R,202310,1.0,MENSAL,20003.0,NUM DIAS TRABALHADOS MENSALISTA,27381.0
5,RESCISAO,23260,DESC REFEITORIO,D,202310,5.0,RESCISAO,8590.0,DESC REFEITORIO,8590.0
1,MENSAL,24080,BASE MED DSR ADIC NOT FER,R,202310,1.0,MENSAL,11401.0,BASE MEDIA FERIAS,11401.0
5,RESCISAO,12174,IND 09- UNIMED EF DO SEU JTO,R,202309,5.0,RESCISAO,27242.0,IND 09- UNIMED EF DO SEU JTO,27242.0
5,RESCISAO,12050,VL 06 - UNIEMP - COOP - APT 30% DEP 1,R,201910,5.0,RESCISAO,27183.0,VL 06 - UNIEMP - COOP - APT 30% DEP 1,27184.0
1,MENSAL,190,DIFERENCA SALARIO FAMILIA,P,201704,1.0,MENSAL,2701.0,DIF SALARIO FAMILIA,25.0
3,13. SALARIO,24825,BASE MED HX 100% STS 13º SAL,R,202212,4.0,13 SALARIO,27414.0,BASE MED HX 100% STS 13º SAL,27415.0
1,MENSAL,12375,IND 04-BRONZE PLUS,R,202310,1.0,MENSAL,27296.0,IND 04-BRONZE PLUS,27295.0
1,MENSAL,24915,IMPOSTO CUSTO REAL FUNC,R,202310,1.0,MENSAL,27444.0,IMPOSTO CUSTO REAL FUNC,27445.0
5,RESCISAO,10930,QUANT FILHOS PARA VALE CRECHE,R,201801,5.0,RESCISAO,27136.0,QUANT FILHOS PARA VALE CRECHE,27136.0
5,RESCISAO,11900,FGTS 13. SAL INDENIZADO,R,202310,5.0,RESCISAO,14365.0,GRRF-FGTS 13º SALARIO INDENIZADO RESCISA,14365.0
1,MENSAL,12144,IND 06 - UNIEMP - COOP - APTO 30% DEP 3,R,202205,1.0,MENSAL,27239.0,IND 06 - UNIEMP - COOP - APTO 30% DEP 3,27236.0
5,RESCISAO,12006,IND 04 - UNIEMPRESA - COOP - APTO 50%,R,201906,5.0,RESCISAO,27160.0,IND 04 - UNIEMPRESA - COOP - APTO 50%,27161.0
1,MENSAL,12103,BSC VL 05-UNIEMP - COOP - ENF 30% DEP 3,R,202310,1.0,MENSAL,27213.0,BSC VL 05-UNIEMP - COOP - ENF 30% DEP 3,27213.0
2,FERIAS,10810,QUANT MEDIA HORAS EXTRAS 50% (FERIAS),R,201809,2.0,FERIAS 1 OCORRENCIA NO MES,27126.0,QUANT MEDIA HORAS EXTRAS 50% (FERIAS),27126.0
5,RESCISAO,12030,VLR 02 - UNIEMPRESA - APTO DEP 1,R,202309,5.0,RESCISAO,27178.0,VLR 02 - UNIEMPRESA - APTO DEP 1,18568.0
1,MENSAL,12036,VLR 03 - UNIEMP - COOP - ENF - 50% DEP 2,R,202005,1.0,MENSAL,27182.0,VLR 03 - UNIEMP - COOP - ENF - 50% DEP 2,27187.0
12,RESCISAO COMPLEMENTAR,120,INSAL 20% SOBRE PISO STS,P,201811,8.0,RESCISAO COMP FORA DO MES,30.0,ADICIONAL INSALUBRIDADE,30.0
2,FERIAS,10,SALARIO MENSAL,P,201111,2.0,FERIAS 1 OCORRENCIA NO MES,5.0,SALARIO,5.0
1,MENSAL,12143,IND 06 - UNIEMP - COOP - APTO 30% DEP 2,R,201807,1.0,MENSAL,27238.0,IND 06 - UNIEMP - COOP - APTO 30% DEP 2,27238.0
5,RESCISAO,220,ADICIONAL DE HORAS TRABALHADAS,P,199807,5.0,RESCISAO,3400.0,ADICIONAL DE HORAS TRABALHADAS,6.0
1,MENSAL,12008,IND 06 - UNIEMPRESA - COOP - APTO 30% ,R,202205,1.0,MENSAL,27161.0,IND 06 - UNIEMPRESA - COOP - APTO 30% ,27160.0
1,MENSAL,23375,BASE CUSTO FUNCIONARIO,R,202310,1.0,MENSAL,27379.0,BASE CUSTO FUNCIONARIO,27378.0
5,RESCISAO,10045,BASE FGTS LIMINAR ATESTADO MEDICO-PROVEN,R,202310,5.0,RESCISAO,27387.0,BASE FGTS LIMINAR ATESTADO MEDICO-PROVEN,27387.0
12,RESCISAO COMPLEMENTAR,5050,INSS 13º SALARIO,D,201806,8.0,RESCISAO COMP FORA DO MES,7210.0,INSS 13 SALARIO,7210.0
12,RESCISAO COMPLEMENTAR,1560,1/3 FERIAS RESCISAO,P,201811,8.0,RESCISAO COMP FORA DO MES,5180.0,1/3 FERIAS PROPORCIONAIS,5180.0
13,FOLHA COMPLEMENTAR,22930,NUMERO DE SABADO DO MES,R,201103,13.0,    COMPLEMENTAR DIAS 01 A 10,27149.0,NUMERO DE SABADO DO MES,27149.0
5,RESCISAO,120,INSAL 20% SOBRE PISO STS,P,202310,5.0,RESCISAO,30.0,ADICIONAL INSALUBRIDADE,30.0
5,RESCISAO,10120,BASE CALC FERIAS,R,202310,5.0,RESCISAO,11400.0,BASE FERIAS,11400.0
